{ "height":16,
 "layers":[
        {
         "data":[1, 1, 1, 1, 1, 1, 1, 1, 1, 3, 1, 1, 1, 1, 17, 1, 1, 1, 1, 1, 1, 1, 1, 1, 1, 1, 1, 1, 1, 1, 22, 1, 1, 1, 1, 1, 1, 1, 1, 1, 1, 1, 1, 1, 1, 1, 22, 1, 1, 1, 1, 6, 19, 19, 19, 19, 19, 7, 1, 1, 1, 1, 22, 1, 1, 1, 1, 22, 23, 1, 1, 1, 23, 21, 1, 1, 1, 1, 22, 1, 1, 1, 1, 22, 6, 19, 19, 7, 1, 21, 1, 1, 1, 1, 22, 1, 1, 1, 1, 22, 22, 1, 23, 21, 1, 21, 1, 1, 1, 1, 22, 1, 1, 1, 1, 22, 22, 23, 1, 21, 1, 21, 1, 1, 1, 1, 22, 1, 1, 1, 1, 22, 8, 19, 19, 19, 19, 5, 23, 1, 1, 1, 22, 1, 1, 1, 1, 8, 19, 19, 19, 19, 19, 19, 19, 19, 19, 19, 5, 1, 1, 1, 1, 1, 1, 1, 1, 1, 1, 1, 1, 1, 1, 1, 1, 1, 1, 1, 1, 1, 1, 1, 1, 1, 1, 1, 1, 1, 1, 1, 1, 1, 1, 1, 1, 1, 1, 1, 1, 1, 1, 1, 1, 1, 1, 1, 1, 1, 1, 1, 1, 1, 1, 1, 1, 1, 1, 1, 1, 1, 1, 1, 1, 1, 1, 1, 1, 1, 1, 1, 1, 1, 1, 1, 1, 1, 1, 1, 1, 1, 1, 1, 1, 1, 1, 1, 1, 1, 1, 1, 2, 1, 1, 1, 1, 1],
         "height":16,
         "name":"Tile Layer 1",
         "opacity":1,
         "type":"tilelayer",
         "visible":true,
         "width":16,
         "x":0,
         "y":0
        }],
 "nextobjectid":1,
 "orientation":"orthogonal",
 "properties":
    {
     "startx":7,
     "starty":7
    },
 "propertytypes":
    {
     "startx":"int",
     "starty":"int"
    },
 "renderorder":"right-down",
 "tileheight":128,
 "tilesets":[
        {
         "columns":4,
         "firstgid":1,
         "image":"..\/tiles\/grass.png",
         "imageheight":768,
         "imagewidth":512,
         "margin":0,
         "name":"grass",
         "spacing":0,
         "tilecount":24,
         "tileheight":128,
         "tileproperties":
            {
             "0":
                {
                 "walkable":false
                },
             "1":
                {
                 "walkable":false
                },
             "10":
                {
                 "walkable":false
                },
             "11":
                {
                 "walkable":false
                },
             "12":
                {
                 "walkable":true
                },
             "13":
                {
                 "walkable":true
                },
             "14":
                {
                 "walkable":true
                },
             "15":
                {
                 "walkable":true
                },
             "16":
                {
                 "walkable":true
                },
             "17":
                {
                 "walkable":true
                },
             "18":
                {
                 "walkable":true
                },
             "19":
                {
                 "walkable":true
                },
             "2":
                {
                 "walkable":false
                },
             "20":
                {
                 "walkable":true
                },
             "21":
                {
                 "walkable":true
                },
             "22":
                {
                 "walkable":false
                },
             "23":
                {
                 "walkable":false
                },
             "3":
                {
                 "walkable":false
                },
             "4":
                {
                 "walkable":false
                },
             "5":
                {
                 "walkable":false
                },
             "6":
                {
                 "walkable":true
                },
             "7":
                {
                 "walkable":true
                },
             "8":
                {
                 "walkable":false
                },
             "9":
                {
                 "walkable":false
                }
            },
         "tilepropertytypes":
            {
             "0":
                {
                 "walkable":"bool"
                },
             "1":
                {
                 "walkable":"bool"
                },
             "10":
                {
                 "walkable":"bool"
                },
             "11":
                {
                 "walkable":"bool"
                },
             "12":
                {
                 "walkable":"bool"
                },
             "13":
                {
                 "walkable":"bool"
                },
             "14":
                {
                 "walkable":"bool"
                },
             "15":
                {
                 "walkable":"bool"
                },
             "16":
                {
                 "walkable":"bool"
                },
             "17":
                {
                 "walkable":"bool"
                },
             "18":
                {
                 "walkable":"bool"
                },
             "19":
                {
                 "walkable":"bool"
                },
             "2":
                {
                 "walkable":"bool"
                },
             "20":
                {
                 "walkable":"bool"
                },
             "21":
                {
                 "walkable":"bool"
                },
             "22":
                {
                 "walkable":"bool"
                },
             "23":
                {
                 "walkable":"bool"
                },
             "3":
                {
                 "walkable":"bool"
                },
             "4":
                {
                 "walkable":"bool"
                },
             "5":
                {
                 "walkable":"bool"
                },
             "6":
                {
                 "walkable":"bool"
                },
             "7":
                {
                 "walkable":"bool"
                },
             "8":
                {
                 "walkable":"bool"
                },
             "9":
                {
                 "walkable":"bool"
                }
            },
         "tilewidth":128
        }],
 "tilewidth":128,
 "type":"map",
 "version":"1.0.0",
 "width":16
}